Link,JobCategory,Title,CompanyName,Locations
https://www.jumpit.co.kr/position/4669,기술지원,[위메이드XR] 엔진프로그래머,위메이드,판교 테크노밸리
https://www.jumpit.co.kr/position/4660,빅데이터 엔지니어,[위메이드] Data Engineer 채용 공고,위메이드,판교 테크노밸리
https://www.jumpit.co.kr/position/4659,기술지원,[위메이드] 빌드 및 모바일 스토어 관리 개발자 채용 공고,위메이드,판교 테크노밸리
https://www.jumpit.co.kr/position/4654,서버/백엔드 개발자,[위메이드] 플랫폼개발 채용 공고,위메이드,판교 테크노밸리
https://www.jumpit.co.kr/position/4653,DBA,[위메이드] DBA 채용 공고,위메이드,판교 테크노밸리
https://www.jumpit.co.kr/position/4652,프론트엔드 개발자,[위메이드] 프론트엔드 개발자 채용 공고,위메이드,판교 테크노밸리
https://www.jumpit.co.kr/position/4651,기술지원,[위메이드] 기술PM 채용공고,위메이드,판교 테크노밸리
https://www.jumpit.co.kr/position/2055,QA 엔지니어,[위메이드] QA 담당자,위메이드,판교 테크노밸리
https://www.jumpit.co.kr/position/7079,프론트엔드 개발자,[위메이드 전기아이피] 프론트엔드 개발,위메이드,판교 테크노밸리
https://www.jumpit.co.kr/position/7078,서버/백엔드 개발자,[위메이드 전기아이피] 백엔드 개발,위메이드,판교 테크노밸리
https://www.jumpit.co.kr/position/6667,devops/시스템 엔지니어,대한통운 해외 SAP-FI 운영,씨제이올리브네트웍스,서울
https://www.jumpit.co.kr/position/7075,서버/백엔드 개발자,[위메이드 전기아이피] 서버 개발자,위메이드,판교 테크노밸리
https://www.jumpit.co.kr/position/7048,크로스플랫폼 앱개발자,모바일 개발 채용,아로와나허브,판교 테크노밸리
https://www.jumpit.co.kr/position/7046,서버/백엔드 개발자,서버 개발 채용,아로와나허브,판교 테크노밸리
https://www.jumpit.co.kr/position/7043,개발 PM,개발 PM (차장급) 채용,아로와나허브,판교 테크노밸리
https://www.jumpit.co.kr/position/7057,프론트엔드 개발자,[점핏X패스트캠퍼스 해커톤] 프론트엔드 개발자,주식회사데브툴즈,경기
https://www.jumpit.co.kr/position/4709,크로스플랫폼 앱개발자,[위메이드 위믹스부문] 스마트 컨트랙트 개발자,위메이드,판교 테크노밸리
https://www.jumpit.co.kr/position/4707,기술지원,[위메이드넥스트] 컨텐츠 프로그래머,위메이드,판교 테크노밸리
https://www.jumpit.co.kr/position/4692,프론트엔드 개발자,[위메이드 위믹스부문] JavaScript 개발자,위메이드,판교 테크노밸리
https://www.jumpit.co.kr/position/7126,서버/백엔드 개발자,백엔드 서버 개발자,주식회사디에이그라운드,서초
https://www.jumpit.co.kr/position/7127,프론트엔드 개발자,프론트엔드(웹/앱) 개발자,주식회사디에이그라운드,서초
https://www.jumpit.co.kr/position/7117,정보보안 담당자,정보보호,한국디지털거래소,강남
https://www.jumpit.co.kr/position/7116,QA 엔지니어,QA 테스트 엔지니어,한국디지털거래소,강남
https://www.jumpit.co.kr/position/7115,devops/시스템 엔지니어,DevOps(인프라) 개발/운영,한국디지털거래소,강남
https://www.jumpit.co.kr/position/4685,프론트엔드 개발자,[위메이드 위믹스부문] 서비스 플랫폼 웹 프론트엔드 개발,위메이드,판교 테크노밸리
https://www.jumpit.co.kr/position/4680,게임 서버 개발자,[위메이드전기아이피] DBA,위메이드,판교 테크노밸리
https://www.jumpit.co.kr/position/4679,개발 PM,[위메이드엠] 개발 PM 채용 공고,위메이드,판교 테크노밸리
https://www.jumpit.co.kr/position/4677,게임 서버 개발자,[위메이드엠] 서버 프로그래머,위메이드,판교 테크노밸리
https://www.jumpit.co.kr/position/4673,게임 서버 개발자,[위메이드넥스트] 서버 프로그래머,위메이드,판교 테크노밸리
https://www.jumpit.co.kr/position/4672,devops/시스템 엔지니어,[위메이드넥스트] 엔진(시스템)프로그래머,위메이드,판교 테크노밸리
https://www.jumpit.co.kr/position/4671,기술지원,[위메이드넥스트] 그래픽스 프로그래머,위메이드,판교 테크노밸리
https://www.jumpit.co.kr/position/4670,기술지원,[위메이드XR] Technical Artist,위메이드,판교 테크노밸리
https://www.jumpit.co.kr/position/3498,서버/백엔드 개발자,블록체인 개발자(경력),블록오디세이,강남
https://www.jumpit.co.kr/position/1775,서버/백엔드 개발자,블록체인 서비스 서버(Back-end) 개발,코코네,강남
https://www.jumpit.co.kr/position/1768,서버/백엔드 개발자,블록체인 및 백엔드 경력 개발자,주식회사 링카코리아,강남
https://www.jumpit.co.kr/position/7034,devops/시스템 엔지니어,데브옵스(DevOps) 개발자,아이담비즈,경기
https://www.jumpit.co.kr/position/7132,정보보안 담당자,스트리미(가상자산 거래소 고팍스) 개인정보보호 담당자 모집,스트리미,서울
https://www.jumpit.co.kr/position/7178,devops/시스템 엔지니어,인프라 개발자,블록오디세이,강남
https://www.jumpit.co.kr/position/7219,프론트엔드 개발자,[디지털금융] 프론트엔드 개발,피어테크,강남
https://www.jumpit.co.kr/position/7222,안드로이드 개발자,[디지털금융] 안드로이드 앱 개발자,피어테크,강남
https://www.jumpit.co.kr/position/7227,프론트엔드 개발자,Play팀 Front-end 개발자 채용,(주)판도라티비,판교 테크노밸리
https://www.jumpit.co.kr/position/7230,정보보안 담당자,정보보호체계(ISMS) 및 IT인프라 운영보안 담당자 채용,(주)판도라티비,판교 테크노밸리
https://www.jumpit.co.kr/position/7128,devops/시스템 엔지니어,DevOps 엔지니어,주식회사디에이그라운드,서초
https://www.jumpit.co.kr/position/7352,안드로이드 개발자,[콜라워크] 모바일 앱 개발자(Android),알로카도스,강남
https://www.jumpit.co.kr/position/4655,웹퍼블리셔,[위메이드] UI 개발자 채용 공고,위메이드,판교 테크노밸리
https://www.jumpit.co.kr/position/7385,서버/백엔드 개발자,백엔드 개발자,주식회사데브툴즈,경기
https://www.jumpit.co.kr/position/7384,프론트엔드 개발자,프론트엔드 개발자,주식회사데브툴즈,경기
https://www.jumpit.co.kr/position/7177,서버/백엔드 개발자,백엔드 개발자,블록오디세이,강남
https://www.jumpit.co.kr/position/5814,"SW/솔루션,서버/백엔드 개발자",[빗썸시스템즈] Application Architect,빗썸코리아,강남
https://www.jumpit.co.kr/position/6805,기술지원,기술지원 경력직 채용,라온시큐어,강남
https://www.jumpit.co.kr/position/5815,devops/시스템 엔지니어,[빗썸시스템즈] Technical Architect,빗썸코리아,강남
https://www.jumpit.co.kr/position/5816,프론트엔드 개발자,[빗썸시스템즈] Front-End Software Developer,빗썸코리아,강남
https://www.jumpit.co.kr/position/5996,devops/시스템 엔지니어,[빗썸] 사내 정보시스템 엔지니어,빗썸코리아,강남
https://www.jumpit.co.kr/position/6355,devops/시스템 엔지니어,[빗썸] SRE(Site Reliability Engineering),빗썸코리아,강남
https://www.jumpit.co.kr/position/6512,정보보안 담당자,[빗썸] 보안운영,빗썸코리아,강남
https://www.jumpit.co.kr/position/6513,정보보안 담당자,[빗썸] CERT,빗썸코리아,강남
https://www.jumpit.co.kr/position/6560,서버/백엔드 개발자,[빗썸] Back-End 개발 - 거래/시세/자산/회원 서비스(7년 이상),빗썸코리아,강남
https://www.jumpit.co.kr/position/6331,웹 풀스택 개발자,[위메이드 위믹스부문] 웹 개발,위메이드,판교 테크노밸리
https://www.jumpit.co.kr/position/6330,게임 서버 개발자,[위메이드 위믹스부문] 게임플랫폼 서버 개발,위메이드,판교 테크노밸리
https://www.jumpit.co.kr/position/6329,게임 클라이언트 개발자,[위메이드 위믹스부문] 게임플랫폼 클라이언트 개발,위메이드,판교 테크노밸리
https://www.jumpit.co.kr/position/6213,정보보안 담당자,[위메이드 위믹스부문] DevSecOps(클라우드 보안) 엔지니어,위메이드,판교 테크노밸리
https://www.jumpit.co.kr/position/6073,devops/시스템 엔지니어,[위메이드 위믹스부문] 인프라 플랫폼 DevOps,위메이드,판교 테크노밸리
https://www.jumpit.co.kr/position/4712,서버/백엔드 개발자,[위메이드] 경영정보 시스템관리자,위메이드,판교 테크노밸리
https://www.jumpit.co.kr/position/4710,QA 엔지니어,[위메이드 위믹스부문] 서비스 플랫폼 QA,위메이드,판교 테크노밸리
https://www.jumpit.co.kr/position/5443,IOS 개발자,iOS개발 경력직 채용,라온시큐어,강남
https://www.jumpit.co.kr/position/3307,IOS 개발자,iOS App Developer 채용,이지식스(엠블),강남
https://www.jumpit.co.kr/position/3302,IOS 개발자,iOS Lead Engineer 채용,이지식스(엠블),강남
https://www.jumpit.co.kr/position/3306,안드로이드 개발자,Android App Engineer 채용,이지식스(엠블),강남
https://www.jumpit.co.kr/position/3303,서버/백엔드 개발자,Backend Developer 채용,이지식스(엠블),강남
https://www.jumpit.co.kr/position/4483,QA 엔지니어,QA Engineer 채용,이지식스(엠블),강남
https://www.jumpit.co.kr/position/3497,웹 풀스택 개발자,React / React Native / javascript 개발자(경력),블록오디세이,강남
https://www.jumpit.co.kr/position/2969,IOS 개발자,[Mobile App. Dev] iOS 모바일 채널 개발,아이콘루프,서울
https://www.jumpit.co.kr/position/5957,웹 풀스택 개발자,경력 JAVA 개발자,(주)비제이피플즈,서울
https://www.jumpit.co.kr/position/4596,웹 풀스택 개발자,[경력] 핀테크 플랫폼 웹개발자,블록체인글로벌,서울
https://www.jumpit.co.kr/position/6107,게임 클라이언트 개발자,메타버스 플랫폼 개발 [리더급 클라이언트],코드스토리,구로/가산 디지털단지
https://www.jumpit.co.kr/position/6097,게임 클라이언트 개발자,메타버스 플랫폼 개발 [클라이언트],코드스토리,구로/가산 디지털단지
https://www.jumpit.co.kr/position/5699,서버/백엔드 개발자,웹 백엔드(Web Back-end) 개발,엔웨이코리아,서초
https://www.jumpit.co.kr/position/5426,웹 풀스택 개발자,경력 PHP 웹프로그래머,(주)비제이피플즈,서울
https://www.jumpit.co.kr/position/5935,웹 풀스택 개발자,개발부 관리 부장,(주)앤스시스템,구로/가산 디지털단지
https://www.jumpit.co.kr/position/1661,QA 엔지니어,QA팀 채용,미디움,강남
https://www.jumpit.co.kr/position/7056,서버/백엔드 개발자,[점핏X패스트캠퍼스 해커톤] 백엔드 개발자,주식회사데브툴즈,경기
https://www.jumpit.co.kr/position/6997,프론트엔드 개발자,Moviebloc Front-end 개발자,(주)판도라티비,판교 테크노밸리
https://www.jumpit.co.kr/position/4478,SW/솔루션,소프트웨어 엔지니어,플라네타리움(나인코퍼레이션),강남
https://www.jumpit.co.kr/position/4476,게임 클라이언트 개발자,게임 클라이언트 엔지니어,플라네타리움(나인코퍼레이션),강남
https://www.jumpit.co.kr/position/6853,안드로이드 개발자,안드로이드 개발자 채용,마크애니,서울
https://www.jumpit.co.kr/position/6698,안드로이드 개발자,ONEORDER(원오더) 하이브리드웹앱(안드로이드) 개발/운영,씨제이올리브네트웍스,서울
https://www.jumpit.co.kr/position/6802,안드로이드 개발자,Android개발 경력직 채용,라온시큐어,강남
https://www.jumpit.co.kr/position/6655,devops/시스템 엔지니어,HPC-AI 아키텍트,씨제이올리브네트웍스,서울
https://www.jumpit.co.kr/position/6656,SW/솔루션,SAP BC,씨제이올리브네트웍스,서울
https://www.jumpit.co.kr/position/6890,기술지원,[Amazon] Cloud Support Engineer,아마존웹서비시즈코리아유한책임회사,강남
https://www.jumpit.co.kr/position/6669,devops/시스템 엔지니어,대한통운 해외 SAP-CO 운영,씨제이올리브네트웍스,서울
https://www.jumpit.co.kr/position/6676,devops/시스템 엔지니어,그룹연결재무/연결내부회계 운영/개발 담당자,씨제이올리브네트웍스,서울
https://www.jumpit.co.kr/position/6695,"DBA,기술지원",DB 기술 전문가(Oracle),씨제이올리브네트웍스,서울
https://www.jumpit.co.kr/position/6804,개발 PM,PM 경력직 채용,라온시큐어,강남
https://www.jumpit.co.kr/position/6672,devops/시스템 엔지니어,푸드빌 SAP MM,씨제이올리브네트웍스,서울
https://www.jumpit.co.kr/position/5578,서버/백엔드 개발자,백엔드 개발(Back-end developer),플루토스디에스,강남
https://www.jumpit.co.kr/position/3611,서버/백엔드 개발자,Back-end 담당자,코드베르그,강남
https://www.jumpit.co.kr/position/3361,서버/백엔드 개발자,(기술중심 핀테크 기업) 백엔드 엔지니어,스트리미,서울
https://www.jumpit.co.kr/position/2719,서버/백엔드 개발자,유연하게 근무하는 백엔드 개발자,(주)가디언홀딩스,강남
https://www.jumpit.co.kr/position/759,IOS 개발자,iOS 개발자 채용,주식회사 시니스트,강남
https://www.jumpit.co.kr/position/2722,devops/시스템 엔지니어,자유롭게 성장하는 데브옵스 (Devops) 개발자,(주)가디언홀딩스,강남
https://www.jumpit.co.kr/position/2944,프론트엔드 개발자,프론트엔드 개발자,퓨처플레이,서울
https://www.jumpit.co.kr/position/2945,서버/백엔드 개발자,백엔드개발자,퓨처플레이,서울
https://www.jumpit.co.kr/position/2565,서버/백엔드 개발자,백엔드 개발자,(주)젤리스페이스,서초
https://www.jumpit.co.kr/position/2564,프론트엔드 개발자,프론트엔드 개발자 모집,(주)젤리스페이스,서초
https://www.jumpit.co.kr/position/1170,서버/백엔드 개발자,[PlayV] 가상자산 투자상품 거래 플랫폼 백엔드 개발자,비씨랩스,마포
https://www.jumpit.co.kr/position/1213,프론트엔드 개발자,[Wavebridge] Front End Developer,웨이브릿지,서울
https://www.jumpit.co.kr/position/661,안드로이드 개발자,Android 앱 개발,(주)제나,서울
https://www.jumpit.co.kr/position/7220,서버/백엔드 개발자,[디지털금융] 디지털 자산 운용 퀀트 개발자,피어테크,강남
https://www.jumpit.co.kr/position/7351,IOS 개발자,[콜라워크] 모바일 앱 개발자(iOS),알로카도스,강남
https://www.jumpit.co.kr/position/7350,서버/백엔드 개발자,[콜라워크] 백엔드 개발자,알로카도스,강남
https://www.jumpit.co.kr/position/7256,devops/시스템 엔지니어,자금세탁방지 시스템 개발자,한국디지털거래소,강남
https://www.jumpit.co.kr/position/7176,프론트엔드 개발자,프론트엔드 개발자,블록오디세이,강남
https://www.jumpit.co.kr/position/5184,서버/백엔드 개발자,[빗썸] Back-End 개발 - 체결엔진,빗썸코리아,강남
https://www.jumpit.co.kr/position/4235,서버/백엔드 개발자,백엔드 개발자,주식회사 메인메타,서초
https://www.jumpit.co.kr/position/4236,서버/백엔드 개발자,Solana 컨트랙트 개발자,주식회사 메인메타,서초
https://www.jumpit.co.kr/position/4237,프론트엔드 개발자,프론트엔드 개발자,주식회사 메인메타,서초
https://www.jumpit.co.kr/position/5803,IOS 개발자,IOS 개발자,한국디지털거래소,강남
https://www.jumpit.co.kr/position/5802,프론트엔드 개발자,Frontend 개발자,한국디지털거래소,강남
https://www.jumpit.co.kr/position/5804,서버/백엔드 개발자,가상자산 지갑개발 및 운영,한국디지털거래소,강남
https://www.jumpit.co.kr/position/7226,서버/백엔드 개발자,Cobak Back-end 개발자 채용,(주)판도라티비,판교 테크노밸리
https://www.jumpit.co.kr/position/5801,서버/백엔드 개발자,Backend 개발자,한국디지털거래소,강남
https://www.jumpit.co.kr/position/4355,서버/백엔드 개발자,백엔드 엔지니어,블록워터테크놀로지스,서초
https://www.jumpit.co.kr/position/2071,프론트엔드 개발자,프론트엔드 개발자,블록워터테크놀로지스,서초
https://www.jumpit.co.kr/position/5697,프론트엔드 개발자,Web Front-end Developer 웹 프론트엔드 개발자,엔웨이코리아,서초
https://www.jumpit.co.kr/position/5445,"SW/솔루션,기술지원",[대전] SE 경력직 채용,라온시큐어,대전
https://www.jumpit.co.kr/position/5530,프론트엔드 개발자,프론트엔드 개발자 채용,커뮤니티랩,서초
https://www.jumpit.co.kr/position/5529,서버/백엔드 개발자,서버/백엔드 개발자 채용,커뮤니티랩,서초
https://www.jumpit.co.kr/position/5521,크로스플랫폼 앱개발자,크로스플랫폼 앱개발자 채용,커뮤니티랩,서초
https://www.jumpit.co.kr/position/4836,"QA 엔지니어,기술지원",ITSM 품질관리,씨제이올리브네트웍스,서울
https://www.jumpit.co.kr/position/5004,"개발 PM,devops/시스템 엔지니어",미디어솔루션 PM/PL,씨제이올리브네트웍스,"강남, 마포"
https://www.jumpit.co.kr/position/4831,개발 PM,SI프로젝트 분석/설계 PL/PM/PMO,씨제이올리브네트웍스,서울
https://www.jumpit.co.kr/position/4830,기술지원,SI프로젝트 AA,씨제이올리브네트웍스,서울
https://www.jumpit.co.kr/position/5003,devops/시스템 엔지니어,제일제당 R&D 연구소 PLM시스템 운영,씨제이올리브네트웍스,경기
https://www.jumpit.co.kr/position/4827,기술지원,프로젝트 TA,씨제이올리브네트웍스,서울
https://www.jumpit.co.kr/position/5011,개발 PM,스마트팩토리 사업 수행 (PM/PL/개발),씨제이올리브네트웍스,서울
https://www.jumpit.co.kr/position/4838,QA 엔지니어,운영품질 QAM,씨제이올리브네트웍스,서울
https://www.jumpit.co.kr/position/2518,정보보안 담당자,[라온화이트햇] 보안컨설턴트 경력직 채용 (5년이상),라온시큐어,강남
https://www.jumpit.co.kr/position/2517,정보보안 담당자,[라온화이트햇] 보안컨설턴트 경력직 채용 (3년이상),라온시큐어,강남
https://www.jumpit.co.kr/position/903,서버/백엔드 개발자,서버개발 경력직 채용,라온시큐어,강남
https://www.jumpit.co.kr/position/4689,devops/시스템 엔지니어,[위메이드 위믹스부문] 블록체인 플랫폼 구축 및 운영 담당자,위메이드,판교 테크노밸리
https://www.jumpit.co.kr/position/4683,기술지원,[위메이드 위믹스부문] 블록체인 플랫폼 운영실장,위메이드,판교 테크노밸리
https://www.jumpit.co.kr/position/6631,웹 풀스택 개발자,블록체인사업부 필드엔지니어,마크애니,서울
https://www.jumpit.co.kr/position/7077,서버/백엔드 개발자,블록체인 백엔드 개발(경력),(주)뉴링크,강남
https://www.jumpit.co.kr/position/4477,devops/시스템 엔지니어,블록체인 플랫폼 엔지니어,플라네타리움(나인코퍼레이션),강남
https://www.jumpit.co.kr/position/6289,서버/백엔드 개발자,블록체인 백엔드(스마트 컨트랙트) 개발자,핀스프로토콜,강남
https://www.jumpit.co.kr/position/6115,"서버/백엔드 개발자,인공지능/머신러닝",사업운영본부 솔루션팀 블록체인 서비스 개발 채용,미디움,강남
https://www.jumpit.co.kr/position/6288,프론트엔드 개발자,블록체인 프론트엔드 개발자,핀스프로토콜,강남
https://www.jumpit.co.kr/position/6100,서버/백엔드 개발자,"메타버스 플랫폼 개발 [NFT,블록체인 개발자]",코드스토리,구로/가산 디지털단지
https://www.jumpit.co.kr/position/6265,개발 PM,기술스타트업 블록체인 서비스 개발 Product Owner,맥클로린,강남
https://www.jumpit.co.kr/position/2968,devops/시스템 엔지니어,[Developer] Blockchain Core Developer,아이콘루프,서울
https://www.jumpit.co.kr/position/6082,서버/백엔드 개발자,[경력] 블록체인 백엔드 개발자,블록체인글로벌,서울
https://www.jumpit.co.kr/position/5031,서버/백엔드 개발자,[블록체인] NFT거래소 개발,(주)소프트랩스,서울
https://www.jumpit.co.kr/position/5405,QA 엔지니어,"테스트 엔지니어, 블록체인 엔진",플라네타리움(나인코퍼레이션),강남
https://www.jumpit.co.kr/position/4173,개발 PM,강남 블록체인 개발자 모집,SYSOFT,"서초, 강남"
https://www.jumpit.co.kr/position/2967,서버/백엔드 개발자,[Blockchain SW Engineer] 백엔드 개발자,아이콘루프,서울
https://www.jumpit.co.kr/position/4616,QA 엔지니어,플랫폼 운영 본부 QA 채용,미디움,강남
https://www.jumpit.co.kr/position/4160,정보보안 담당자,[전략기획본부] ISMS(개인정보보호 담당자),미디움,강남
https://www.jumpit.co.kr/position/4803,devops/시스템 엔지니어,[스마트빌싸인] 시스템 운영(AO),(주)비즈니스온커뮤니케이션,강남
https://www.jumpit.co.kr/position/4309,서버/백엔드 개발자,가상자산(암호화폐) 지갑 백엔드 개발,코인원,서울
https://www.jumpit.co.kr/position/1437,서버/백엔드 개발자,통신 서비스 백앤드 개발자 (VoIP 등),와인하우스(주),구로/가산 디지털단지
https://www.jumpit.co.kr/position/3540,프론트엔드 개발자,(기술중심 핀테크 기업) 프론트엔드 개발자,스트리미,서울
https://www.jumpit.co.kr/position/3585,프론트엔드 개발자,프론트엔드 신입 및 경력 채용,(주)와이즈에이아이,경기
https://www.jumpit.co.kr/position/3579,서버/백엔드 개발자,Backend Developer,아이디엔디,서초
https://www.jumpit.co.kr/position/4334,서버/백엔드 개발자,클라우드/MSA/A.I. 플랫폼 개발자,시프트원,"강남, 경기"
https://www.jumpit.co.kr/position/2095,DBA,DBA  담당자,코인원,서울
https://www.jumpit.co.kr/position/3543,안드로이드 개발자,(기술중심 핀테크 기업) 안드로이드 개발자,스트리미,서울
https://www.jumpit.co.kr/position/3544,IOS 개발자,(기술중심 핀테크 기업) iOS 개발자,스트리미,서울
https://www.jumpit.co.kr/position/4153,프론트엔드 개발자,웹서비스개발자 채용,엔글,경기
https://www.jumpit.co.kr/position/3541,QA 엔지니어,(기술중심 핀테크 기업) QA 엔지니어,스트리미,서울
https://www.jumpit.co.kr/position/3583,서버/백엔드 개발자,백엔드 신입 및 경력 채용,(주)와이즈에이아이,판교 테크노밸리
https://www.jumpit.co.kr/position/2973,프론트엔드 개발자,[Front-End] Web Client 개발자,아이콘루프,서울
https://www.jumpit.co.kr/position/6699,devops/시스템 엔지니어,Network Engineer,씨제이올리브네트웍스,인천
https://www.jumpit.co.kr/position/4834,빅데이터 엔지니어,Data Science Engineer,씨제이올리브네트웍스,서울
https://www.jumpit.co.kr/position/6690,기술지원,SI AA,씨제이올리브네트웍스,서울
https://www.jumpit.co.kr/position/6666,SW/솔루션,제일제당 해외 영업 SD(TM)모듈 운영/개발,씨제이올리브네트웍스,서울
https://www.jumpit.co.kr/position/6677,devops/시스템 엔지니어,그룹 통합법무정보 시스템 운영/개발,씨제이올리브네트웍스,서울
https://www.jumpit.co.kr/position/6675,개발 PM,운영 PM 및 프로젝트 PM,씨제이올리브네트웍스,서울
https://www.jumpit.co.kr/position/6674,devops/시스템 엔지니어,SAP-FCM(FI/CO) 운영&개발,씨제이올리브네트웍스,서울
https://www.jumpit.co.kr/position/6671,웹 풀스택 개발자,프레시웨이 웹시스템 운영/개발,씨제이올리브네트웍스,마포
https://www.jumpit.co.kr/position/6662,devops/시스템 엔지니어,Public Cloud Architect,씨제이올리브네트웍스,인천
https://www.jumpit.co.kr/position/6664,devops/시스템 엔지니어,물류 솔루션 개발 및 운영 전문가,씨제이올리브네트웍스,서울
https://www.jumpit.co.kr/position/6099,게임 서버 개발자,메타버스 플랫폼 개발자 [서버],코드스토리,구로/가산 디지털단지
https://www.jumpit.co.kr/position/6447,웹 풀스택 개발자,SI 개발(서버) 경력직 채용,라온시큐어,강남
https://www.jumpit.co.kr/position/6291,개발 PM,프로젝트 매니저(PM)/CTO,핀스프로토콜,강남
https://www.jumpit.co.kr/position/4826,DBA,프로젝트 DA/DBA,씨제이올리브네트웍스,서울
https://www.jumpit.co.kr/position/6116,서버/백엔드 개발자,사업운영본부 솔루션팀 백엔드 서비스 개발 채용,미디움,강남
https://www.jumpit.co.kr/position/6117,"프론트엔드 개발자,IOS 개발자,안드로이드 개발자",사업운영본부 솔루션팀 프론트엔드 개발 채용,미디움,강남
https://www.jumpit.co.kr/position/371,서버/백엔드 개발자,스마트 컨트랙트 개발자,블록워터테크놀로지스,서초
https://www.jumpit.co.kr/position/7045,안드로이드 개발자,[대전근무] Android 개발 경력직 채용,라온시큐어,대전
https://www.jumpit.co.kr/position/7093,devops/시스템 엔지니어,스트리미(가상자산 거래소 고팍스) FDS/AML 시스템 유지보수 담당,스트리미,서울
https://www.jumpit.co.kr/position/7231,서버/백엔드 개발자,KMPlayer MFC 개발자 채용,(주)판도라티비,판교 테크노밸리
https://www.jumpit.co.kr/position/7225,프론트엔드 개발자,Cobak Front-end 개발자 채용,(주)판도라티비,판교 테크노밸리
https://www.jumpit.co.kr/position/7228,서버/백엔드 개발자,Play팀 Back-end 개발자 채용,(주)판도라티비,판교 테크노밸리
https://www.jumpit.co.kr/position/7217,서버/백엔드 개발자,[디지털금융] 백엔드 개발,피어테크,강남
https://www.jumpit.co.kr/position/7229,devops/시스템 엔지니어,시스템 엔지니어(SE),(주)판도라티비,판교 테크노밸리
https://www.jumpit.co.kr/position/6929,서버/백엔드 개발자,Backend Engineer,팔라(Pala Inc.),경기
https://www.jumpit.co.kr/position/7097,devops/시스템 엔지니어,[빗썸] DevOps 엔지니어(신입),빗썸코리아,강남
https://www.jumpit.co.kr/position/7081,devops/시스템 엔지니어,[위메이드 전기아이피] 시스템운영(SE),위메이드,판교 테크노밸리
https://www.jumpit.co.kr/position/2938,서버/백엔드 개발자,플랫폼 개발자,투게더아트,강남
https://www.jumpit.co.kr/position/4482,크로스플랫폼 앱개발자,모바일 애플리케이션 개발자,투게더아트,강남
https://www.jumpit.co.kr/position/6930,devops/시스템 엔지니어,DevOps Engineer,팔라(Pala Inc.),경기
https://www.jumpit.co.kr/position/6896,프론트엔드 개발자,Frontend Engineer,팔라(Pala Inc.),경기
https://www.jumpit.co.kr/position/6696,웹 풀스택 개발자,PG 웹 서비스 개발,씨제이올리브네트웍스,서울
https://www.jumpit.co.kr/position/7110,QA 엔지니어,게임 QA 셀리더,111퍼센트,강남
https://www.jumpit.co.kr/position/6806,서버/백엔드 개발자,[빗썸] Back-End 개발 - 서비스 공통 플랫폼,빗썸코리아,강남
https://www.jumpit.co.kr/position/5164,devops/시스템 엔지니어,[빗썸] 성능 분석(1년 이상),빗썸코리아,강남
https://www.jumpit.co.kr/position/6406,개발 PM,개발 PM 경력 채용,미디움,강남
https://www.jumpit.co.kr/position/6448,크로스플랫폼 앱개발자,SI 개발(모바일 앱) 경력직 채용,라온시큐어,강남
https://www.jumpit.co.kr/position/5163,devops/시스템 엔지니어,[빗썸] 성능 분석(3년 이상),빗썸코리아,강남
https://www.jumpit.co.kr/position/5165,devops/시스템 엔지니어,[빗썸] DevOps 엔지니어(3년 이상),빗썸코리아,강남
https://www.jumpit.co.kr/position/6511,정보보안 담당자,[빗썸] 개인정보보호,빗썸코리아,강남
https://www.jumpit.co.kr/position/5167,devops/시스템 엔지니어,[빗썸] 시스템 엔지니어(3년 이상),빗썸코리아,강남
https://www.jumpit.co.kr/position/5168,개발 PM,[빗썸] 개발 프로젝트 매니저(PM),빗썸코리아,강남
https://www.jumpit.co.kr/position/5166,devops/시스템 엔지니어,[빗썸] 시스템 엔지니어(5년 이상),빗썸코리아,강남
https://www.jumpit.co.kr/position/5182,IOS 개발자,[빗썸] iOS APP 개발자,빗썸코리아,강남
https://www.jumpit.co.kr/position/5183,안드로이드 개발자,[빗썸] Android APP 개발자,빗썸코리아,강남
https://www.jumpit.co.kr/position/5760,서버/백엔드 개발자,[빗썸] Back-End 개발 - 거래/시세/자산/회원 서비스(3년 이상),빗썸코리아,강남
https://www.jumpit.co.kr/position/5810,서버/백엔드 개발자,[빗썸시스템즈] Back-End Software Developer,빗썸코리아,강남
https://www.jumpit.co.kr/position/6803,QA 엔지니어,QA 경력직 채용,라온시큐어,강남
https://www.jumpit.co.kr/position/7205,프론트엔드 개발자,블록체인 디벨로퍼(프론트엔드) 개발자 경력직 채용,메타그램,강남
https://www.jumpit.co.kr/position/7224,서버/백엔드 개발자,[디지털금융] 블록체인 지갑 개발자(백엔드),피어테크,강남
https://www.jumpit.co.kr/position/6889,서버/백엔드 개발자,[PAY] 블록체인 개발자,주식회사콰가,서울
https://www.jumpit.co.kr/position/7076,서버/백엔드 개발자,블록체인 백엔드 개발(신입),(주)뉴링크,강남
https://www.jumpit.co.kr/position/7179,서버/백엔드 개발자,[빗썸] 블록체인 개발,빗썸코리아,강남
https://www.jumpit.co.kr/position/6156,SW/솔루션,블록체인 플랫폼 개발자 채용,비알스톰,서울
https://www.jumpit.co.kr/position/6974,개발 PM,[빗썸] 블록체인 개발 프로젝트 매니저,빗썸코리아,강남
https://www.jumpit.co.kr/position/6893,서버/백엔드 개발자,블록체인 & NFT 플랫폼 스마트 컨트랙트 개발자,유룸,강남
https://www.jumpit.co.kr/position/6931,서버/백엔드 개발자,Blockchain Engineer,팔라(Pala Inc.),경기
https://www.jumpit.co.kr/position/5161,devops/시스템 엔지니어,[빗썸] 블록체인 시스템 엔지니어,빗썸코리아,강남
https://www.jumpit.co.kr/position/6173,프론트엔드 개발자,[위메이드] 블록체인 프론트엔드 개발자,위메이드,판교 테크노밸리
https://www.jumpit.co.kr/position/6172,서버/백엔드 개발자,[위메이드] 블록체인 백엔드 개발자,위메이드,판교 테크노밸리
https://www.jumpit.co.kr/position/4693,프론트엔드 개발자,[위메이드 위믹스부문] 블록체인 프론트엔드 개발자,위메이드,판교 테크노밸리
https://www.jumpit.co.kr/position/4691,서버/백엔드 개발자,[위메이드 위믹스부문] 블록체인 백엔드 개발자,위메이드,판교 테크노밸리
https://www.jumpit.co.kr/position/4686,크로스플랫폼 앱개발자,[위메이드 위믹스부문] 블록체인 플랫폼 개발자,위메이드,판교 테크노밸리
https://www.jumpit.co.kr/position/4687,크로스플랫폼 앱개발자,[위메이드 위믹스부문] 블록체인 플랫폼 개발실장,위메이드,판교 테크노밸리
